[
 {
   "ID": 1,
   "Nom": "Le petit prince",
   "Auteur": "Antoine de Saint-Exupéry (Auteur) ",
   "Editeur": "Gallimard",
   "Prix": "6,9",
   "Categorie": "Livres pour enfants",
   "LienPhoto": "/home/andreea/Exercice/lecoinlecture/assets/img/img01.jpeg",
   "Description": "«Le premier soir, je me suis donc endormi sur le sable à mille milles de toute terre habitée. J'étais bien plus isolé qu'un naufragé sur un radeau au milieu de l'océan. Alors, vous imaginez ma surprise, au lever du jour, quand une drôle de petite voix m'a réveillé. Elle disait : “S'il vous plaît... dessine-moi un mouton !” J'ai bien regardé. Et j'ai vu ce petit bonhomme tout à fait extraordinaire qui me considérait gravement...»",
   "LienAmazon": "https://www.amazon.fr/petit-prince-Antoine-Saint-Exup%C3%A9ry/dp/2070612759/ref=sr_1_1?qid=1557756828&rd=1&s=books&sr=1-1"
 },
 {
   "ID": 2,
   "Nom": "Cuentos para ninos / Stories for Boys",
   "Auteur": "Equipo Susaeta ",
   "Editeur": "Susaeta",
   "Prix": "9,95",
   "Categorie": "Livres pour enfants",
   "LienPhoto": "/home/andreea/Exercice/lecoinlecture/assets/img/img02.jpeg",
   "Description": "Un gran libro para todos, lleno de ilustraciones simpáticas e imaginativas, que nos hará pasar un buen rato leyendo las historias y relatos más emocionantes de aventuras, príncipes y princesas.",
   "LienAmazon": "https://www.amazon.fr/Cuentos-para-ninos-Stories-Boys/dp/8430562346/ref=sr_1_3?qid=1557756855&rd=1&s=books&sr=1-3"
 },
 {
   "ID": 3,
   "Nom": "Licorne Livre de Coloriage Pour les Enfants de 4 à 8 Ans",
   "Auteur": "Charles Perrault ",
   "Editeur": "Livres Hibou",
   "Prix": "4,99",
   "Categorie": "Livres pour enfants",
   "LienPhoto": "/home/andreea/Exercice/lecoinlecture/assets/img/img03.jpeg",
   "Description": "Les licornes sont tellement amusantes à colorier parce qu'elles mènent des vies tellement intéressantes et magiques ! Ils rencontrent des princesses, des dragons et des sirènes. Ils visitent des châteaux et des forêts enchantées, survolent des étoiles et des cieux arc-en-ciel et se rendent même au pays des sucreries ! Partagez le plaisir et la magie des licornes avec un enfant spécial ! Ce livre à colorier est une excellente activité sans écran pour stimuler la créativité et l'imagination d'un enfant. C'est un cadeau parfait !",
   "LienAmazon": "https://www.amazon.fr/Licorne-Livre-Coloriage-Pour-Enfants/dp/1090961456/ref=sr_1_1?__mk_fr_FR=%C3%85M%C3%85%C5%BD%C3%95%C3%91&keywords=Licorne+Livre+de+Coloriage+Pour+les+Enfants+de+4+%C3%A0+8+Ans&qid=1557757184&s=books&sr=1-1-catcorr"
 },
 {
   "ID": 4,
   "Nom": "Le Petit Nicolas et les copains",
   "Auteur": "Sempé et  René Goscinny",
   "Editeur": "Folio Junior",
   "Prix": "6,9",
   "Categorie": "Livres pour enfants",
   "LienPhoto": "/home/andreea/Exercice/lecoinlecture/assets/img/img04.jpeg",
   "Description": "Mon premier a un papa qui lui achète tout ce qu'il veut. Mon deuxième est le chouchou de la maîtresse. Mon troisième est le plus fort de la classe. Le papa de mon quatrième est agent de police. Mon cinquième est le dernier de la classe. Mon sixième qui est très gros aime manger. Mon tout est la plus chouette bande de copains qui ait existé…Comme tous les petits garçons, Nicolas ne serait pas grand-chose sans les copains : Clotaire le rêveur, Agnan le chouchou surdoué, Maixent le magicien et Rufus et Joachim. Sans oublier Marie-Edwidge. C'est la fille des voisins. Elle est très mignonne.",
   "LienAmazon": "https://www.amazon.fr/Licorne-Livre-Coloriage-Pour-Enfants/dp/1090961456/ref=sr_1_1?__mk_fr_FR=%C3%85M%C3%85%C5%BD%C3%95%C3%91&keywords=Licorne+Livre+de+Coloriage+Pour+les+Enfants+de+4+%C3%A0+8+Ans&qid=1557757184&s=books&sr=1-1-catcorr"
 },
 {
   "ID": 5,
   "Nom": "Le vent du soir (Romans contemporains)",
   "Auteur": "Jean d'Ormesson",
   "Editeur": "JC Lattes",
   "Prix": "5,49",
   "Categorie": "Romans et Littérature",
   "LienPhoto": "/home/andreea/Exercice/lecoinlecture/assets/img/img05.jpeg",
   "Description": "Le Vent du soir est le premeir tome d'une trilogie dont le second volume a comme titre Tous les hommes en sont fous et le troisième Le bonheur à San Miniatio.",
   "LienAmazon": "https://www.amazon.fr/vent-soir-Romans-contemporains-ebook/dp/B0079L8I48/ref=sr_1_1?__mk_fr_FR=%C3%85M%C3%85%C5%BD%C3%95%C3%91&keywords=romans+et+litterature&qid=1557757575&rnid=301130&s=books&sr=1-1"
 },
 {
   "ID": 6,
   "Nom": "La littérature Française en 100 romans",
   "Auteur": "Yves Stalloni",
   "Editeur": "Papier Cadeau",
   "Prix": "14,9",
   "Categorie": "Romans et Littérature",
   "LienPhoto": "/home/andreea/Exercice/lecoinlecture/assets/img/img06.jpeg",
   "Description": "Faire le tour de la littérature française en 100 romans, telle est la gageure de ce livre. Outil idéal pour tous ceux qui préparent un examen, c'est aussi un formidable guide pour approfondir sa culture générale ou choisir une prochaine lecture... Accessible et documenté, le propos d'Yves Stalloni est celui d'un professeur, certes, mais aussi d'un amoureux de la littérature française.",
   "LienAmazon": "https://www.amazon.fr/litt%C3%A9rature-Fran%C3%A7aise-100-romans/dp/2812316853/ref=sr_1_4?__mk_fr_FR=%C3%85M%C3%85%C5%BD%C3%95%C3%91&keywords=romans+et+litterature&qid=1557757575&rnid=301130&s=books&sr=1-4"
 },
 {
   "ID": 7,
   "Nom": "La Dame du Vallon Perdu (HISTORIA)",
   "Auteur": "Eve Terrellon",
   "Editeur": "Gloriana éditions",
   "Prix": "16",
   "Categorie": "Romans et Littérature",
   "LienPhoto": "/home/andreea/Exercice/lecoinlecture/assets/img/img07.jpeg",
   "Description": "En l'an de grâce 1416, Isabelle, soeur désargentée du ténébreux Arnault de Riprole, prend la route pour rejoindre le château de son fiancé. Sujette à une guerre endémique, la campagne normande est peu sure et le charroi se fait attaquer. Sauvagement molestée, Isabelle est secourue par Tristan, un chevalier errant. Reconnaissante, elle demande à son frère d'accueillir ce dernier au château, pour qu'il y passe l'hiver avec son écuyer. Le fief est pauvre et la vie s'organise entre les mystérieux ",
   "LienAmazon": "https://www.amazon.fr/Dame-Vallon-Perdu-HISTORIA-ebook/dp/B07N391P9Y/ref=sr_1_6?__mk_fr_FR=%C3%85M%C3%85%C5%BD%C3%95%C3%91&keywords=romans+et+litterature&qid=1557757575&rnid=301130&s=books&sr=1-6"
 },
 {
   "ID": 8,
   "Nom": "Une passion indienne",
   "Auteur": "Javier Moro",
   "Editeur": "Points",
   "Prix": "8",
   "Categorie": "Romans et Littérature",
   "LienPhoto": "/home/andreea/Exercice/lecoinlecture/assets/img/img08.jpeg",
   "Description": "1908 : Anita Delgado, danseuse andalouse, épouse le maharajah de Kapurthala. 1925 : la \" cinquième épouse \" se sépare de son mari et quitte l'Inde. Anita aura vécu vingt ans d'une passion tumultueuse, à l'origine d'un des plus grands scandales de l'Empire britannique. Une plongée étourdissante dans les fastes d'un monde emporté par l'Histoire, entre conte de fées moderne et roman vrai d'une femme libre. ",
   "LienAmazon": "https://www.amazon.fr/Une-passion-indienne-Javier-Moro/dp/2757805614/ref=sr_1_16?__mk_fr_FR=%C3%85M%C3%85%C5%BD%C3%95%C3%91&keywords=romans+et+litterature&qid=1557757575&rnid=301130&s=books&sr=1-16"
 },
 {
   "ID": 9,
   "Nom": "Drive Your Adventure- Guide d'un roadtrip en van aux confins de l'Europe",
   "Auteur": "Elsa Frindik-pierret, Bertrand Lanneau ",
   "Editeur": "La Martinière",
   "Prix": "29,9",
   "Categorie": "Tourisme et Voyages",
   "LienPhoto": "/home/andreea/Exercice/lecoinlecture/assets/img/img09.jpeg",
   "Description": "Les éditions de La Martinière s'associent au réseau We-Van et à l'expédition Drive your Adventure pour promouvoir une autre idée du voyage : en couple, en famille ou entre amis, prendre la route en Camper Van, et vivre une expérience de mobilité, de liberté et d'évasion incomparables.",
   "LienAmazon": "https://www.amazon.fr/Drive-Adventure-roadtrip-confins-lEurope/dp/2732450332/ref=sr_1_2?__mk_fr_FR=%C3%85M%C3%85%C5%BD%C3%95%C3%91&keywords=tourisme+et+voyage&qid=1557758357&rnid=301130&s=books&sr=1-2"
 },
 {
   "ID": 10,
   "Nom": "La Catalogne vue du ciel",
   "Auteur": "Yann Arthus-bertrand, Ramon Folch ",
   "Editeur": "La Martinière",
   "Prix": "35",
   "Categorie": "Tourisme et Voyages",
   "LienPhoto": "/home/andreea/Exercice/lecoinlecture/assets/img/img10.jpeg",
   "Description": "\" La peinture, c'est étudier la trace d'un petit caillou qui tombe sur la surface de l'eau, l'oiseau en vol, le soleil qui s'échappe vers la mer, ou parmi les pins et les lauriers de la montagne \". C'est cette citation du peintre catalan Joan Miró évoquant son œuvre qui a guidé Yann Arthus-Bertrand dans la découverte de la Catalogne. Cette région se situant à l'est de l'Espagne offre une diversité unique de paysages oscillant entre mer et montagne, intérieur des terres et lumineuse Barcelone.",
   "LienAmazon": "https://www.amazon.fr/Catalogne-vue-du-ciel/dp/2732486426/ref=sr_1_6?__mk_fr_FR=%C3%85M%C3%85%C5%BD%C3%95%C3%91&keywords=tourisme+et+voyage&qid=1557758357&rnid=301130&s=books&sr=1-6"
 },
 {
   "ID": 11,
   "Nom": "Voyager en cargo. 25 portraits de bourlingueurs",
   "Auteur": "Francoise De tailly, Mathilde Giard ",
   "Editeur": "La Martinière",
   "Prix": "31",
   "Categorie": "Tourisme et Voyages",
   "LienPhoto": "/home/andreea/Exercice/lecoinlecture/assets/img/img11.jpeg",
   "Description": "Voyager en cargo, est-ce possible ? Les cabines sont-elles confortables? Les passagers trouvent-ils de quoi s'occuper ? Il faut croire que oui, car ils sont de plus en plus nombreux à s'embarquer à bord dun porte conteneur, un vraquier ou un roulier... Cet ouvrage rassemble les témoignages de vingt-quatre passagers, âgés de 22 à 75 ans, qui ont tenté l'expérience de ces voyages hors normes. Avec un guide pratique pour bien préparer son voyage en cargo.",
   "LienAmazon": "https://www.amazon.fr/Voyager-cargo-25-portraits-bourlingueurs/dp/2732471054/ref=sr_1_12?__mk_fr_FR=%C3%85M%C3%85%C5%BD%C3%95%C3%91&keywords=tourisme+et+voyage&qid=1557758357&rnid=301130&s=books&sr=1-12"
 },
 {
   "ID": 12,
   "Nom": "Ticket to Tokyo",
   "Auteur": "Gaspard Walter",
   "Editeur": "La Martinière",
   "Prix": "25",
   "Categorie": "Tourisme et Voyages",
   "LienPhoto": "/home/andreea/Exercice/lecoinlecture/assets/img/img12.jpeg",
   "Description": "Plongez dans l'éclat électrique des rues de Shinjuku, poussez les portes anonymes des bars de Golden Gai, contemplez les lueurs de l'aube depuis la cour silencieuse du sanctuaire Meiji, partez à la recherche des fantômes d'Edo dans les ruelles de Yanaka, et découvrez les contrastes fascinants de la \" capitale de l'Est \". En 200 photos et 25 liens vers des vues à 360 degrés, vivez l'expérience unique d'un voyage inoubliable.",
   "LienAmazon": "https://www.amazon.fr/Ticket-Tokyo-Gaspard-Walter/dp/2732466484/ref=sr_1_20?__mk_fr_FR=%C3%85M%C3%85%C5%BD%C3%95%C3%91&keywords=tourisme+et+voyage&qid=1557758856&rnid=301130&s=books&sr=1-20"
 },
 {
   "ID": 13,
   "Nom": "Writing Science: How to Write Papers That Get Cited and Proposals That Get Funded",
   "Auteur": "Joshua Schimel ",
   "Editeur": "OUP USA",
   "Prix": "33,39",
   "Categorie": "Science",
   "LienPhoto": "/home/andreea/Exercice/lecoinlecture/assets/img/img13.jpeg",
   "Description": "As a scientist, you are a professional writer: your career is built on successful proposals and papers. Success isn't defined by getting papers into print, but by getting them into the reader's consciousness. Writing Science is built upon the idea that successful science writing tells a story. It uses that insight to discuss how to write more effectively. Integrating lessons from other genres of writing with those from the author's years of experience as author, reviewer, and editor, the book shows scientists and students how to present their research in a way that is clear and that will maximize reader comprehension.",
   "LienAmazon": "https://www.amazon.fr/Writing-Science-Papers-Proposals-Funded/dp/0199760241/ref=sr_1_9?__mk_fr_FR=%C3%85M%C3%85%C5%BD%C3%95%C3%91&keywords=science&qid=1557758999&rnid=1703605031&s=english-books&sr=1-9"
 },
 {
   "ID": 14,
   "Nom": "Destination Sciences Po Histoire Concours commun IEP - Cours, méthodologie, annales",
   "Auteur": "Yannick Clavé (Auteur) ",
   "Editeur": "Armand Colin",
   "Prix": "23,9",
   "Categorie": "Science",
   "LienPhoto": "/home/andreea/Exercice/lecoinlecture/assets/img/img14.jpeg",
   "Description": "Préparer efficacement à l’épreuve d’histoire du concours commun des IEP d'Aix-en-Provence, Lille, Lyon, Rennes, Saint-Germain-en-Laye, Strasbourg et Toulouse.",
   "LienAmazon": "https://www.amazon.fr/Destination-Sciences-Histoire-Concours-commun/dp/2200623399/ref=sr_1_3?__mk_fr_FR=%C3%85M%C3%85%C5%BD%C3%95%C3%91&keywords=science&qid=1557759320&rnid=1703605031&s=books&sr=1-3"
 },
 {
   "ID": 15,
   "Nom": "Qu'est-ce que la science?",
   "Auteur": "A.F. Chalmers ",
   "Editeur": "Le Livre de Poche",
   "Prix": "7,2",
   "Categorie": "Science",
   "LienPhoto": "/home/andreea/Exercice/lecoinlecture/assets/img/img15.jpeg",
   "Description": "\" L'époque moderne tient la science en haute estime. La croyance que la science et ses méthodes ont quelque chose de particulier semble très largement partagée. Le fait de qualifier un énoncé ou une façon de raisonner du terme \"scientifique\" lui confère une sorte de mérite ou signale qu'on lui accorde une confiance particulière. ",
   "LienAmazon": "https://www.amazon.fr/Quest-ce-que-science-F-Chalmers/dp/2253055069/ref=sr_1_4?__mk_fr_FR=%C3%85M%C3%85%C5%BD%C3%95%C3%91&keywords=science&qid=1557759320&rnid=1703605031&s=books&sr=1-4"
 },
 {
   "ID": 16,
   "Nom": "Comment écrire de la fantasy et de la science-fiction",
   "Auteur": "Orson Scott Card ",
   "Editeur": "Bragelonne",
   "Prix": "14,9",
   "Categorie": "Science",
   "LienPhoto": "/home/andreea/Exercice/lecoinlecture/assets/img/img16.jpeg",
   "Description": "Lorsqu’on est amateur de science-fiction et de Fantasy, on a naturellement des histoires et des mondes plein la tête, que l’on a très envie de raconter. Dans cet ouvrage, le célèbre écrivain Orson Scott Card partage son savoir et son expérience dans ces genres. ",
   "LienAmazon": "https://www.amazon.fr/Comment-%C3%A9crire-fantasy-science-fiction-Orson/dp/B07FDKXPMD/ref=sr_1_6?__mk_fr_FR=%C3%85M%C3%85%C5%BD%C3%95%C3%91&keywords=science&qid=1557759320&rnid=1703605031&s=books&sr=1-6"
 },
 {
   "ID": 17,
   "Nom": "Le Larousse du chocolat : Recettes, techniques et tours de main",
   "Auteur": "Pierre Hermé",
   "Editeur": "Larousse",
   "Prix": "29,95",
   "Categorie": "Cuisine et Vins",
   "LienPhoto": "/home/andreea/Exercice/lecoinlecture/assets/img/img17.jpeg",
   "Description": "Les grands classiques indémodables : forêt-noire, brownies, tiramisu, profiteroles...  Les simplissimes absolument inratables : gâteau moelleux au chocolat, petits pots au chocolat, tarte au chocolat et aux poires...  Les originales aux saveurs surprenantes : crème au chocolat et à la lavande, truffes au chocolat blanc, au thé vert matcha et aux pistaches...  Les recettes des invités de Pierre Hermé : fondant au chocolat amer d'Olympe Versini, friantines au chocolat de Philippe Conticini, foies gras de canard en croûte de grué de cacao et jus au chocolat d'Hélène Darroze...  Les tours de main et les gestes techniques expliqués et illustrés étape par étape.  L'essentiel à découvrir sur le chocolat : son histoire, ses secrets de fabrication, ses bienfaits nutritionnels... Pour tous les amoureux du chocolat.",
   "LienAmazon": "https://www.amazon.fr/Larousse-chocolat-Recettes-techniques-tours/dp/2035844177/ref=sr_1_2?__mk_fr_FR=%C3%85M%C3%85%C5%BD%C3%95%C3%91&keywords=Cuisine+et+Vins&qid=1557780741&rnid=1703605031&s=books&sr=1-2"
 },
 {
   "ID": 18,
   "Nom": "La cuisine indienne facile",
   "Auteur": "Kirane Grover Gupta ",
   "Editeur": "Editions du Dauphin",
   "Prix": "19,25",
   "Categorie": "Cuisine et Vins",
   "LienPhoto": "/home/andreea/Exercice/lecoinlecture/assets/img/img18.jpeg",
   "Description": "Passionnée de cuisine, Kirane partage dans ce livre original, ses secrets et tours de mains pour réussir facilement 60 recettes indiennes avec 1 épice ou plus, et donner une touche personnelle à votre préparation. 27 épices de base tout en photos qu'elle a particulièrement choisies et utilisées dans ce livre. ",
   "LienAmazon": "https://www.amazon.fr/cuisine-indienne-facile-Kirane-Grover/dp/2716314640/ref=sr_1_8?__mk_fr_FR=%C3%85M%C3%85%C5%BD%C3%95%C3%91&keywords=Cuisine+et+Vins&qid=1557780741&rnid=1703605031&s=books&sr=1-8"
 },
 {
   "ID": 19,
   "Nom": "Petits plats pour la semaine à préparer le dimanche",
   "Auteur": "Larousse ",
   "Editeur": "Larousse cuisine",
   "Prix": "9,95",
   "Categorie": "Cuisine et Vins",
   "LienPhoto": "/home/andreea/Exercice/lecoinlecture/assets/img/img19.jpeg",
   "Description": "Cuisiner de vrais repas en semaine relève souvent de l'impossible : entre les journées de travail à rallonge, le marathon des enfants, la fatigue et le temps qui file trop vite... Et si vous arrêtiez de courir ? Piochez dans ce livre des idées de recettes à préparer le dimanche et à déguster dans la semaine !",
   "LienAmazon": "https://www.amazon.fr/Petits-plats-semaine-pr%C3%A9parer-dimanche/dp/2035914469/ref=sr_1_13?__mk_fr_FR=%C3%85M%C3%85%C5%BD%C3%95%C3%91&keywords=Cuisine+et+Vins&qid=1557780741&rnid=1703605031&s=books&sr=1-13"
 },
 {
   "ID": 20,
   "Nom": "L'atelier de Roxane, les meilleures recettes",
   "Auteur": "Roxane ",
   "Editeur": "Solar",
   "Prix": "13,9",
   "Categorie": "Cuisine et Vins",
   "LienPhoto": "/home/andreea/Exercice/lecoinlecture/assets/img/img20.jpeg",
   "Description": "Retrouvez enfin le premier livre de Roxane, la star de la chaîne youtube L'Atelier de Roxane, qui met des étoiles plein les yeux aux petits et grands gourmands avec ses recettes originales et colorées à préparer en famille.",
   "LienAmazon": "https://www.amazon.fr/Latelier-Roxane-meilleures-recettes/dp/2263150358/ref=sr_1_16?__mk_fr_FR=%C3%85M%C3%85%C5%BD%C3%95%C3%91&keywords=Cuisine+et+Vins&qid=1557780741&rnid=1703605031&s=books&sr=1-16"
 }
]